Culture,Name
African,Abassi
African,Abuk
African,Adu Ogyinae
African,Ag
African,Agwe
African,Aida Wedo
African,Ajalamo
African,Aje
African,Ajok
African,Akonadi
African,Akongo
African,Akuj
African,Amma
African,Anansi
African,Asase Yaa
African,Ashiakle
African,Atai
African,Ayaba
African,Aziri
African,Baatsi
African,Bayanni
African,Bele Alua
African,Bomo rambi
African,Bosumabla
African,Buk
African,Buku
African,Bumba
African,Bunzi
African,Buruku
African,Cagn
African,Candit
African,Cghene
African,Coti
African,Damballah-Wedo
African,Dan
African,Deng
African,Domfe
African,Dongo
African,Edinkira
African,Egungun-oya
African,Eka Abassi
African,Elephant Girl Mbombe
African,Emayian
African,Enekpe
African,En-Kai
African,Eseasar
African,Eshu
African,Esu
African,Fa
African,Faran
African,Faro
African,Fatouma
African,Fidi Mukullu
African,Fon
African,G
African,Gleti
African,Gonzuole
African,Gua
African,Gulu
African,Gunab
African,Hammadi
African,Hbiesso
African,Iku
African,Ilankaka
African,Imana
African,Iruwa
African,Isaywa
African,Juok
African,Kazooba
African,Khakaba
African,Khonvum
African,Kibuka
African,Kintu
African,Leb
African,Leza
African,Libanza
African,Lituolone
African,Loko
African,Marwe
African,Massim Biambe
African,Mawu-Lisa (Leza)
African,Mboze
African,Mebeli
African,Minepa
African,Moombi
African,Mukameiguru
African,Mukasa
African,Muluku
African,Mulungu
African,Mwambu
African,Nai
African,Nambi
African,Nana Buluku
African,Nanan-Bouclou
African,Nenaunir
African,Ng Ai
African,Nyaliep
African,Nyamb
African,Nyankopon
African,Nyasaye
African,Nzame
African,Oboto
African,Obumo
African,Odudua-Orishala
African,Ogun
African,Olokun
African,Olorun
African,Orisha Nla
African,Orunmila
African,Osanyin
African,Oshe
African,Osun
African,Oya
African,Phebele
African,Pokot-Suk
African,Ralubumbha
African,Rugaba
African,Ruhanga
African,Ryangombe
African,Sagbata
African,Shagpona
African,Shango
African,Sopona
African,Tano
African,Thixo
African,Tilo
African,Tokoloshi
African,Tsui
African,Tsui'goab
African,Umvelinqangi
African,Unkulunkulu
African,Utixo
African,Wak
African,Wamara
African,Wantu Su
African,Wele
African,Were
African,Woto
African,Xevioso
African,Yangombi
African,Yemonja
African,Ymoa
African,Ymoja
African,Yoruba
African,Zambi
African,Zanahary
African,Zinkibaru
Australian,Alinga
Australian,Anjea
Australian,Apunga
Australian,Arahuta
Australian,Ariki
Australian,Arohirohi
Australian,Bamapana
Australian,Banaitja
Australian,Bara
Australian,Barraiya
Australian,Biame
Australian,Bila
Australian,Boaliri
Australian,Bobbi-bobbi
Australian,Bunbulama
Australian,Bunjil
Australian,Cunnembeille
Australian,Daramulum
Australian,Dilga
Australian,Djanggawul Sisters
Australian,Eingana
Australian,Erathipa
Australian,Gidja
Australian,Gnowee
Australian,Haumia
Australian,Hine Titama
Australian,Ingridi
Australian,Julana
Australian,Julunggul
Australian,Junkgowa
Australian,Karora
Australian,Kunapipi-Kalwadi-Kadjara
Australian,Lia
Australian,Madalait
Australian,Makara
Australian,Nabudi
Australian,Palpinkalare
Australian,Papa
Australian,Rangi
Australian,Rongo
Australian,Tane
Australian,Tangaroa
Australian,Tawhiri-ma-tea
Australian,Tomituka
Australian,Tu
Australian,Ungamilia
Australian,Walo
Australian,Waramurungundi
Australian,Wati Kutjarra
Australian,Wawalag Sisters
Australian,Wuluwaid
Australian,Wuragag
Australian,Wuriupranili
Australian,Wurrunna
Australian,Yhi
Balto-Slavic,(Russia) Goddess of sleep.
Balto-Slavic,Aba-khatun
Balto-Slavic,Aigiarm
Balto-Slavic,Ajysyt
Balto-Slavic,Alkonost
Balto-Slavic,Almoshi
Balto-Slavic,Altan-Telgey
Balto-Slavic,Ama
Balto-Slavic,Anapel
Balto-Slavic,As-ava
Balto-Slavic,Ausaitis
Balto-Slavic,Austeja
Balto-Slavic,Ayt'ar
Balto-Slavic,Baba Yaga (Jezi Baba)
Balto-Slavic,Belobog (Belun)
Balto-Slavic,Boldogasszony
Balto-Slavic,Breksta
Balto-Slavic,Bugady Musun
Balto-Slavic,Cernobog)
Balto-Slavic,Chernobog (Crnobog
Balto-Slavic,Cinei-new
Balto-Slavic,Colleda (Koliada)
Balto-Slavic,Cuvto-ava
Balto-Slavic,Czarnobog
Balto-Slavic,Czerneboch
Balto-Slavic,Dali
Balto-Slavic,Darzu-mate
Balto-Slavic,Dazhbog
Balto-Slavic,Debena
Balto-Slavic,Devana
Balto-Slavic,Diiwica (Dilwica)
Balto-Slavic,Doda (Dodola)
Balto-Slavic,Dolya
Balto-Slavic,Dragoni
Balto-Slavic,Dugnai
Balto-Slavic,Dunne Enin
Balto-Slavic,Edji
Balto-Slavic,Elena
Balto-Slavic,Erce
Balto-Slavic,Etugen
Balto-Slavic,Falvara
Balto-Slavic,Gabija
Balto-Slavic,Ganiklis
Balto-Slavic,Giltine
Balto-Slavic,Hotogov Mailgan
Balto-Slavic,Hov-ava
Balto-Slavic,Iarila
Balto-Slavic,Isten
Balto-Slavic,Ja-neb'a
Balto-Slavic,Jedza
Balto-Slavic,Joda-mate
Balto-Slavic,Kaldas
Balto-Slavic,Kaltes
Balto-Slavic,Keretkun
Balto-Slavic,Khadau
Balto-Slavic,Khursun (Khors)
Balto-Slavic,Kostrubonko
Balto-Slavic,Kovas
Balto-Slavic,Krumine
Balto-Slavic,Kupala
Balto-Slavic,Kupalo
Balto-Slavic,Laima
Balto-Slavic,Leshy
Balto-Slavic,lgn)
Balto-Slavic,Marina
Balto-Slavic,Marzana
Balto-Slavic,Mat Syra Zemlya
Balto-Slavic,Matergabiae
Balto-Slavic,Medeine
Balto-Slavic,Menu (Menulis)
Balto-Slavic,Mir-Susne-Khum
Balto-Slavic,Myesyats
Balto-Slavic,Nastasija
Balto-Slavic,Nelaima
Balto-Slavic,Norov
Balto-Slavic,Numi-Tarem
Balto-Slavic,Nyia
Balto-Slavic,Ora
Balto-Slavic,Ot
Balto-Slavic,Patollo
Balto-Slavic,Patrimpas
Balto-Slavic,Pereplut
Balto-Slavic,Perkuno
Balto-Slavic,Perun
Balto-Slavic,Pikuolis
Balto-Slavic,Pilnytis
Balto-Slavic,Piluitus
Balto-Slavic,Potrimpo
Balto-Slavic,Puskaitis
Balto-Slavic,Rod
Balto-Slavic,Rugevit
Balto-Slavic,Rultennin
Balto-Slavic,Rusalki
Balto-Slavic,Sakhadai-Noin
Balto-Slavic,Saule
Balto-Slavic,Semargl
Balto-Slavic,Stribog
Balto-Slavic,Sudjaje
Balto-Slavic,Svantovit (Svantevit
Balto-Slavic,Svarazic (Svarozic
Balto-Slavic,Svarogich)
Balto-Slavic,Svitovyd)
Balto-Slavic,Tairgin
Balto-Slavic,Tengri
Balto-Slavic,The Fates
Balto-Slavic,The Fatit
Balto-Slavic,Triglav
Balto-Slavic,Ulgen (Ulgan
Balto-Slavic,Veles (Volos)
Balto-Slavic,Vesna
Balto-Slavic,Xatel-Ekwa
Balto-Slavic,Xoli-Kaltes
Balto-Slavic,Yamm
Balto-Slavic,Yarilo
Balto-Slavic,Yarovit
Balto-Slavic,Ynakhsyt
Balto-Slavic,Zaria
Balto-Slavic,Zeme mate
Balto-Slavic,Zemyna
Balto-Slavic,Ziva (Siva)
Balto-Slavic,Zizilia
Balto-Slavic,Zonget
Balto-Slavic,Zorya
Balto-Slavic,Zvezda Dennitsa
Balto-Slavic,Zvoruna
Balto-Slavic,Zywie
Buddhist,Aizen-Myoo
Buddhist,"Ajima,Dai-itoku-Myoo"
Buddhist,Fudo-Myoo
Buddhist,Gozanze-Myoo
Buddhist,Gundari-Myoo
Buddhist,Hariti
Buddhist,Kongo-Myoo
Buddhist,Kujaku-Myoo
Buddhist,Ni-O
Caribbean,Agaman Nibo
Caribbean,Agwe
Caribbean,Agweta
Caribbean,Ah Uaynih
Caribbean,Aida Wedo
Caribbean,Amelia
Caribbean,Atabei
Caribbean,Ayida
Caribbean,Ayizan
Caribbean,Azacca
Caribbean,Baron Samedi
Caribbean,Chango
Caribbean,Christalline
Caribbean,Clairm
Caribbean,Clairmezin
Caribbean,Coatrischie
Caribbean,Damballah
Caribbean,Ellegua
Caribbean,Emanjah
Caribbean,Erzuli
Caribbean,Erzulie
Caribbean,Ezili
Caribbean,Ghede
Caribbean,Guabancex
Caribbean,Guabonito
Caribbean,Guamaonocon
Caribbean,Imanje
Caribbean,Itaba
Caribbean,Itaba
Caribbean,Karous
Caribbean,Laloue-diji
Caribbean,Legba
Caribbean,Loa
Caribbean,Loco
Caribbean,Maitresse Amelia
Caribbean,Mapiangueh
Caribbean,Marassa
Caribbean,Marie-aime
Caribbean,Marinette
Caribbean,Mombu
Caribbean,Nana Buruku
Caribbean,Oba
Caribbean,Obtala
Caribbean,Ochosi
Caribbean,Ochu
Caribbean,Ochumare
Caribbean,Oddudua
Caribbean,Ogoun
Caribbean,Ogun
Caribbean,Olokum
Caribbean,Olosa
Caribbean,Oshun
Caribbean,Oya
Caribbean,Philomena
Caribbean,The Diablesse
Caribbean,Tsilah
Caribbean,Ulrich
Caribbean,Ursule
Caribbean,Vierge
Caribbean,Yemaya
Caribbean,Zaka
Celtic,Abarta
Celtic,Abna
Celtic,Abnoba
Celtic,Aine
Celtic,"Airetech,Akonadi"
Celtic,Amaethon
Celtic,Ameathon
Celtic,An Cailleach
Celtic,Andraste
Celtic,Antenociticus
Celtic,Aranrhod
Celtic,Arawn
Celtic,Arianrod
Celtic,Artio
Celtic,"Badb,Balor"
Celtic,Banbha
Celtic,Becuma
Celtic,Belatucadros
Celtic,Belatu-Cadros
Celtic,Belenus
Celtic,"Beli,Belimawr"
Celtic,Belinus
Celtic,Bendigeidfran
Celtic,Bile
Celtic,Blathnat
Celtic,Blodeuwedd
Celtic,Boann
Celtic,"Bodus,Bormanus"
Celtic,Borvo
Celtic,Bran
Celtic,Branwen
Celtic,Bres
Celtic,Brigid
Celtic,Brigit
Celtic,Caridwen
Celtic,"Carpantus,Cathbadh"
Celtic,Cecht
Celtic,Cernach
Celtic,Cernunnos
Celtic,Cliodna
Celtic,Cocidius
Celtic,Conchobar
Celtic,Condatis
Celtic,"Cormac,Coronus,Cosunea"
Celtic,Coventina
Celtic,"Crarus,Creidhne"
Celtic,Creirwy
Celtic,Cu Chulainn
Celtic,Cu roi
Celtic,Cuda
Celtic,"Cuill,Cyhiraeth,Dagda"
Celtic,Damona
Celtic,Dana
Celtic,Danu
Celtic,"D'Aulnoy,Dea Artio"
Celtic,Deirdre
Celtic,Dewi
Celtic,Dian
Celtic,Diancecht
Celtic,Dis Pater
Celtic,Donn
Celtic,Dwyn
Celtic,Dylan
Celtic,"Dywel,Efnisien"
Celtic,Elatha
Celtic,Epona
Celtic,Eriu
Celtic,Esos
Celtic,Esus
Celtic,"Eurymedon,Fedelma"
Celtic,Fergus
Celtic,Finn
Celtic,Fodla
Celtic,Goewyn
Celtic,Gog
Celtic,Goibhniu
Celtic,Govannon
Celtic,Grainne
Celtic,"Greine,Gwydion"
Celtic,Gwynn ap Nudd
Celtic,Herne
Celtic,Hu'Gadarn
Celtic,"Keltoi,Keridwen"
Celtic,"Kernunnos,Ler"
Celtic,Lir
Celtic,Lleu Llaw Gyffes
Celtic,Lludd
Celtic,Llyr
Celtic,Llywy
Celtic,Luchta
Celtic,Lug
Celtic,"Lugh,Lugus"
Celtic,"Mabinogion,Mabon"
Celtic,Mac Da Tho
Celtic,Macha
Celtic,Magog
Celtic,Manannan
Celtic,Manawydan
Celtic,Maponos
Celtic,Math
Celtic,Math Ap Mathonwy
Celtic,Medb
Celtic,"Moccos,Modron"
Celtic,Mogons
Celtic,Morrig
Celtic,Morrigan
Celtic,"Nabon,Nantosuelta"
Celtic,Naoise
Celtic,Nechtan
Celtic,"Nedoledius,Nehalennia"
Celtic,Nemhain
Celtic,"Net,Nisien"
Celtic,Nodens
Celtic,Noisi
Celtic,Nuada
Celtic,"Nwywre,Oengus"
Celtic,Ogma
Celtic,Ogmios
Celtic,Oisin
Celtic,"Pach,Partholon"
Celtic,Penard Dun
Celtic,Pryderi
Celtic,Pwyll
Celtic,Rhiannon
Celtic,Rosmerta
Celtic,Samhain
Celtic,Segidaiacus
Celtic,Sirona
Celtic,Sucellus
Celtic,Sulis
Celtic,Taliesin
Celtic,Taranis
Celtic,Teutates
Celtic,"The Horned One,The Hunt"
Celtic,"Treveni,Tyne"
Celtic,Urien
Celtic,Ursula of the Silver Host
Celtic,Vellaunus
Celtic,Vitiris
Celtic,"White Lady,"
Chinese,Ba
Chinese,Caishen
Chinese,Chang Fei
Chinese,Chang Hsien
Chinese,Chang Pan
Chinese,Ch'ang Tsai
Chinese,Ch'ang-O
Chinese,Chao san-Niang
Chinese,Chao T'eng-k'ang
Chinese,Chen Kao
Chinese,Ch'eng Huang
Chinese,Cheng San-Kung
Chinese,Cheng Yuan-ho
Chinese,Chi Po
Chinese,Chien-Ti
Chinese,Chih Jih
Chinese,Chih Nii
Chinese,Chih Nu
Chinese,Ch'ih Sung-tzu
Chinese,Ching Ling Tzu
Chinese,Ch'ing Lung
Chinese,Chin-hua Niang-niang
Chinese,Chio Yuan-Tzu
Chinese,Chou Wang
Chinese,Chu Niao
Chinese,Chu Ying
Chinese,Chuang-Mu
Chinese,Chu-jung
Chinese,Chun T'i
Chinese,Ch'ung Ling-yu
Chinese,Chung Liu
Chinese,Chung-kuei
Chinese,Chung-li Ch'an
Chinese,Di Jun
Chinese,Fan K'uei
Chinese,Fei Lien
Chinese,Feng Pho-Pho
Chinese,Fengbo
Chinese,Fu Hsing
Chinese,Fu-Hsi
Chinese,Fu-Pao
Chinese,Gaomei
Chinese,Guan Di
Chinese,Hao Ch'iu
Chinese,Heng-o
Chinese,Ho Po (Ping-I)
Chinese,Hou Chi
Chinese,Hou T'u
Chinese,Hsi Ling-su
Chinese,Hsi Shih
Chinese,Hsi Wang Mu
Chinese,Hsiao Wu
Chinese,Hsieh T'ien-chun
Chinese,Hsien Nung
Chinese,Hsi-shen
Chinese,Hsu Ch'ang
Chinese,Hsuan Wen-hua
Chinese,Huang Ti
Chinese,Huang T'ing
Chinese,Huo Pu
Chinese,Hu-Shen
Chinese,Jen An
Chinese,Jizo Bosatsu
Chinese,Keng Yen-cheng
Chinese,King Wan
Chinese,Ko Hsien-Weng
Chinese,Kuan Ti
Chinese,Kuan Ti
Chinese,Kuei-ku Tzu
Chinese,Kuo Tzu-i
Chinese,Lai Cho
Chinese,Lao Lang
Chinese,Lei Kung
Chinese,Lei Tsu
Chinese,Li Lao-chun
Chinese,Li Tien
Chinese,Liu Meng
Chinese,Liu Pei
Chinese,Lo Shen
Chinese,Lo Yu
Chinese,Lo-Tsu Ta-Hsien
Chinese,Lu Hsing
Chinese,Lung Yen
Chinese,Lu-pan
Chinese,Ma-Ku
Chinese,Mang Chin-i
Chinese,Mang Shen
Chinese,Mao Meng
Chinese,Men Shen
Chinese,Miao Hu
Chinese,Mi-lo Fo
Chinese,Ming Shang
Chinese,Nan-chi Hsien-weng
Chinese,Niu Wang
Chinese,Nu Wa
Chinese,Nu-kua
Chinese,Pa
Chinese,Pa Cha
Chinese,Pai Chung
Chinese,Pai Liu-Fang
Chinese,Pai Yu
Chinese,P'an Niang
Chinese,P'an-Chin-Lien
Chinese,Pao Yuan-ch'uan
Chinese,Phan Ku
Chinese,P'i Chia-Ma
Chinese,Pien Ho
Chinese,San Kuan
Chinese,Sao-ch'ing Niang
Chinese,Sarudahiko
Chinese,Shang Chien
Chinese,Shang Ti
Chinese,She chi
Chinese,Shen Hsui-Chih
Chinese,Shen Nung
Chinese,Sheng Mu
Chinese,Shih Liang
Chinese,Shiu Fang
Chinese,Shou-lao
Chinese,Shun I Fu-jen
Chinese,Sien-Tsang
Chinese,Ssu-ma Hsiang-ju
Chinese,Sun Pin
Chinese,Sun Ssu-miao
Chinese,Sung-Chiang
Chinese,Tan Chu
Chinese,T'ang Ming Huang
Chinese,Tao Kung
Chinese,T'ien Fei
Chinese,Tien Hou
Chinese,Tien Mu
Chinese,Ti-tsang
Chinese,Tsai Shen
Chinese,Ts'an Nu
Chinese,Ts'ang Chien
Chinese,Tsao Chun
Chinese,Tsao-Wang
Chinese,T'shai-Shen
Chinese,Tung Chun
Chinese,T'ung Chung-chung
Chinese,T'ung Lai-yu
Chinese,Tung Lu
Chinese,T'ung Ming
Chinese,Tzu-ku Shen
Chinese,Wa
Chinese,Wang Ta-hsien
Chinese,Wang-Mu-Niang-Niang
Chinese,Weiwobo
Chinese,Wen-ch'ang
Chinese,Wu-tai Yuan-shuai
Chinese,Xi Hou
Chinese,Xi Wangmu
Chinese,Xiu Wenyin
Chinese,Yanwang
Chinese,Yaoji
Chinese,Yen-lo
Chinese,Yen-Lo-Wang
Chinese,Yi
Chinese,Yu
Chinese,Yu Ch'iang
Chinese,Yu Huang
Chinese,Yun-T'ung
Chinese,Yu-Tzu
Chinese,Zaoshen
Chinese,Zhang Xi
Chinese,Zhin
Chinese,Zhongguei
Chinese,Zigu Shen
Chinese,Zisun
Chinese,
Chinese,
Chinese,
Egyptian,Amaunet
Egyptian,Amen
Egyptian,Amon
Egyptian,Amun
Egyptian,Anat
Egyptian,Anqet
Egyptian,Antaios
Egyptian,Anubis
Egyptian,Anuket
Egyptian,Apep
Egyptian,Apis
Egyptian,Astarte
Egyptian,Aten
Egyptian,Aton
Egyptian,Atum
Egyptian,Bastet
Egyptian,Bat
Egyptian,Buto
Egyptian,Duamutef
Egyptian,Duamutef
Egyptian,Hapi
Egyptian,Har-pa-khered
Egyptian,Hathor
Egyptian,Hauhet
Egyptian,Heket
Egyptian,Horus
Egyptian,Huh
Egyptian,Imset
Egyptian,Isis
Egyptian,Kauket
Egyptian,Kebechsenef
Egyptian,Khensu
Egyptian,Khepri
Egyptian,Khnemu
Egyptian,Khnum
Egyptian,Khonsu
Egyptian,Kuk
Egyptian,Maahes
Egyptian,Ma'at
Egyptian,Mehen
Egyptian,Meretseger
Egyptian,Min
Egyptian,Mnewer
Egyptian,Mut
Egyptian,Naunet
Egyptian,Nefertem
Egyptian,Neith
Egyptian,Nekhbet
Egyptian,Nephthys
Egyptian,Nun
Egyptian,Nut
Egyptian,Osiris
Egyptian,Ptah
Egyptian,Ra
Egyptian,Re
Egyptian,Renenet
Egyptian,Sakhmet
Egyptian,Satet
Egyptian,Seb
Egyptian,Seker
Egyptian,Sekhmet
Egyptian,Serapis
Egyptian,Serket
Egyptian,Set
Egyptian,Seth
Egyptian,Shai
Egyptian,Shu
Egyptian,Shu
Egyptian,Sia
Egyptian,Sobek
Egyptian,Sokar
Egyptian,Tefnut
Egyptian,Tem
Egyptian,"Thoth,"
Greek,Acidalia
Greek,Aello
Greek,Aesculapius
Greek,Agathe
Greek,Agdistis
Greek,Ageleia
Greek,Aglauros
Greek,Agne
Greek,Agoraia
Greek,Agreia
Greek,Agreie
Greek,Agreiphontes
Greek,Agreus
Greek,Agrios
Greek,Agrotera
Greek,Aguieus
Greek,Aidoneus
Greek,Aigiokhos
Greek,Aigletes
Greek,Aigobolos
Greek,"Ainia,Ainippe"
Greek,Aithuia
Greek,Akesios
Greek,Akraia
Greek,Aktaios
Greek,Alalkomene
Greek,Alasiotas
Greek,Alcibie
Greek,Alcinoe
Greek,Alcippe
Greek,"Alcis,Alea"
Greek,Alexikakos
Greek,Aligena
Greek,Aliterios
Greek,Alkaia
Greek,Amaltheia
Greek,Ambidexter
Greek,Ambologera
Greek,"Amynomene,Anaduomene"
Greek,Anaea
Greek,Anax
Greek,Anaxilea
Greek,"Androdameia,Andromache"
Greek,Andromeda
Greek,Androphonos
Greek,Anosia
Greek,"Antandre,Antania"
Greek,Antheus
Greek,Anthroporraistes
Greek,Antianara
Greek,Antianeira
Greek,Antibrote
Greek,Antimache
Greek,Antimachos
Greek,"Antiope,Antiopeia"
Greek,Aoide
Greek,Apatouria
Greek,Aphneius
Greek,Aphrodite
Greek,Apollo
Greek,Apotropaios
Greek,Areia
Greek,Areia
Greek,Areion
Greek,Areopagite
Greek,Ares
Greek,Areto
Greek,"Areximacha,Argus"
Greek,"Aridnus,Aristaios"
Greek,Aristomache
Greek,Arkhegetes
Greek,Arktos
Greek,Arretos
Greek,Arsenothelys
Greek,Artemis
Greek,Asclepius
Greek,Asklepios
Greek,Aspheleios
Greek,Asteria
Greek,Astraeos
Greek,Athene
Greek,Auxites
Greek,Avaris
Greek,Axios
Greek,"Axios Tauros,Bakcheios"
Greek,Bakchos
Greek,Basileus
Greek,Basilis
Greek,Bassareus
Greek,Bauros
Greek,Boophis
Greek,Boreas
Greek,Botryophoros
Greek,Boukeros
Greek,Boulaia
Greek,Boulaios
Greek,"Bremusa,Bromios"
Greek,"Byblis,Bythios"
Greek,Caliope
Greek,Cedreatis
Greek,Celaneo
Greek,centaur
Greek,Cerberus
Greek,Charidotes
Greek,Charybdis
Greek,Chimera
Greek,Chloe
Greek,Chloris
Greek,Choreutes
Greek,Choroplekes
Greek,Chthonios
Greek,Clete
Greek,Clio
Greek,"clotho,Clyemne"
Greek,cockatrice
Greek,Crataeis
Greek,Custos
Greek,Cybebe
Greek,Cybele
Greek,Cyclops
Greek,Daphnaia
Greek,Daphnephoros
Greek,Deianeira
Greek,Deinomache
Greek,Delia
Greek,Delios
Greek,Delphic
Greek,Delphinios
Greek,Demeter
Greek,Dendrites
Greek,"Derimacheia,Derinoe"
Greek,Despoina
Greek,Dikerotes
Greek,Dimeter
Greek,Dimorphos
Greek,Dindymene
Greek,Dioktoros
Greek,Dionysos
Greek,Discordia
Greek,Dissotokos
Greek,Dithyrambos
Greek,Doris
Greek,"Dryope,Echephyle,Echidna"
Greek,Eiraphiotes
Greek,Ekstatophoros
Greek,Eleemon
Greek,Eleuthereus
Greek,Eleutherios
Greek,Ennosigaios
Greek,Enodia
Greek,Enodios
Greek,Enoplios
Greek,Enorches
Greek,Enualios
Greek,Eos
Greek,Epaine
Greek,Epidotes
Greek,Epikourios
Greek,Epipontia
Greek,Epitragidia
Greek,Epitumbidia
Greek,Erato
Greek,Ergane
Greek,Eribromios
Greek,Erigdoupos
Greek,Erinus
Greek,Eriobea
Greek,Eriounios
Greek,Eriphos
Greek,Eris
Greek,"Eros,Euanthes"
Greek,Euaster
Greek,Eubouleus
Greek,Euboulos
Greek,Euios
Greek,Eukhaitos
Greek,Eukleia
Greek,Eukles
Greek,Eumache
Greek,Eunemos
Greek,Euplois
Greek,Euros
Greek,"Eurybe,Euryleia"
Greek,Euterpe
Greek,"Fates,Fortuna"
Greek,Gaia
Greek,Gaieokhos
Greek,Galea
Greek,Gamelia
Greek,Gamelios
Greek,Gamostolos
Greek,Genetor
Greek,Genetullis
Greek,Geryon
Greek,Gethosynos
Greek,giants
Greek,Gigantophonos
Greek,Glaukopis
Greek,Gorgons
Greek,Gorgopis
Greek,Graiae
Greek,griffin
Greek,Gynaikothoinas
Greek,Gynnis
Greek,Hagisilaos
Greek,Hagnos
Greek,Haides
Greek,Harmothoe
Greek,harpy
Greek,Hegemone
Greek,Hegemonios
Greek,Hekate
Greek,Hekatos
Greek,Helios
Greek,Hellotis
Greek,Hephaistia
Greek,Hephaistos
Greek,Hera
Greek,Heraios
Greek,Herakles
Greek,Herkeios
Greek,Hermes
Greek,Heros Theos
Greek,Hersos
Greek,Hestia
Greek,Heteira
Greek,Hiksios
Greek,Hipp
Greek,Hippia
Greek,Hippios
Greek,Hippoi Athanatoi
Greek,Hippolyte
Greek,Hippolyte II
Greek,"Hippomache,Hippothoe"
Greek,Horkos
Greek,Hugieia
Greek,Hupatos
Greek,Hydra
Greek,Hypate
Greek,Hyperborean
Greek,Hypsipyle
Greek,Hypsistos
Greek,Iakchos
Greek,Iatros
Greek,Idaia
Greek,Invictus
Greek,"Iphito,Ismenios"
Greek,"Ismenus,Itonia"
Greek,Kabeiria
Greek,Kabeiroi
Greek,Kakia
Greek,Kallinikos
Greek,Kallipugos
Greek,Kallisti
Greek,Kappotas
Greek,Karneios
Greek,Karpophoros
Greek,Karytis
Greek,Kataibates
Greek,Katakhthonios
Greek,Kathatsios
Greek,Keladeine
Greek,Keraunos
Greek,Kerykes
Greek,Khalinitis
Greek,Khalkioikos
Greek,Kharmon
Greek,Khera
Greek,Khloe
Greek,"Khlori,Khloris,Khruse"
Greek,Khthonia
Greek,Khthonios
Greek,Kidaria
Greek,Kissobryos
Greek,Kissokomes
Greek,Kissos
Greek,Kitharodos
Greek,Kleidouchos
Greek,Kleoptoleme
Greek,Klymenos
Greek,Kore
Greek,Koruthalia
Greek,Korymbophoros
Greek,Kourotrophos
Greek,Kranaia
Greek,Kranaios
Greek,Krataiis
Greek,Kreousa
Greek,Kretogenes
Greek,Kriophoros
Greek,Kronides
Greek,"Kronos,Kryphios"
Greek,Ktesios
Greek,Kubebe
Greek,Kupris
Greek,Kuprogenes
Greek,Kurotrophos
Greek,Kuthereia
Greek,Kybele
Greek,"Kydoime,Kynthia"
Greek,Kyrios
Greek,Ladon
Greek,Lakinia
Greek,Lamia
Greek,Lampter
Greek,Laodoke
Greek,Laphria
Greek,Lenaios
Greek,Leukatas
Greek,Leukatas
Greek,Leukolenos
Greek,Leukophruene
Greek,Liknites
Greek,Limenia
Greek,Limnaios
Greek,Limnatis
Greek,Logios
Greek,Lokhia
Greek,Lousia
Greek,Loxias
Greek,Lukaios
Greek,Lukeios
Greek,Lyaios
Greek,Lygodesma
Greek,Lykopis
Greek,Lyseus
Greek,Lysippe
Greek,Maimaktes
Greek,Mainomenos
Greek,Majestas
Greek,Makar
Greek,Maleatas
Greek,Manikos
Greek,Mantis
Greek,Marpe
Greek,Marpesia
Greek,Medusa
Greek,Megale
Greek,Meilikhios
Greek,Melaina
Greek,Melainis
Greek,Melanaigis
Greek,"Melanippe,Melete"
Greek,Melousa
Greek,Melpomene
Greek,Melqart
Greek,Meses
Greek,Mimnousa
Greek,Minotaur
Greek,Mneme
Greek,"Molpadia,Monogenes"
Greek,Morpho
Greek,Morychos
Greek,Musagates
Greek,Musagetes
Greek,Nebrodes
Greek,Nephelegereta
Greek,"Nereus,Nete"
Greek,Nike
Greek,Nikephoros
Greek,Nomios
Greek,Nomius
Greek,Notos
Greek,Nyktelios
Greek,Nyktipolos
Greek,Nympheuomene
Greek,Nysios
Greek,Oiketor
Greek,Okyale
Greek,Okypous
Greek,Olumpios
Greek,Omadios
Greek,Ombrios
Greek,"Orithia,Orius,Ortheia"
Greek,Orthos
Greek,Ourania
Greek,Ourios
Greek,Paelemona
Greek,Paian
Greek,Pais
Greek,Palaios
Greek,Pallas
Greek,Pan Megas
Greek,Panakhais
Greek,Pandemos
Greek,Pandrosos
Greek,Pantariste
Greek,Parthenos
Greek,PAsianax
Greek,Pasiphaessa
Greek,Pater
Greek,Pater
Greek,Patroos
Greek,Pegasus
Greek,Pelagia
Greek,Penthesilea
Greek,Perikionios
Greek,Persephone
Greek,Petraios
Greek,Phanes
Greek,Phanter
Greek,Phatria
Greek,Philios
Greek,Philippis
Greek,Philomeides
Greek,Phoebe
Greek,Phoebus
Greek,Phoenix
Greek,Phoibos
Greek,Phosphoros
Greek,Phratrios
Greek,Phutalmios
Greek,Physis
Greek,Pisto
Greek,Plouton
Greek,"Polemusa,Poliakhos"
Greek,Polias
Greek,Polieus
Greek,Polumetis
Greek,Polydektes
Greek,Polygethes
Greek,Polymnia
Greek,Polymorphos
Greek,Polyonomos
Greek,Porne
Greek,Poseidon
Greek,Potnia Khaos
Greek,Potnia Pheron
Greek,Promakhos
Greek,Pronoia
Greek,Propulaios
Greek,Propylaia
Greek,Proserpine
Greek,Prothoe
Greek,Protogonos
Greek,Prytaneia
Greek,Psychopompos
Greek,Puronia
Greek,Puthios
Greek,Pyrgomache
Greek,Python
Greek,Rhea
Greek,Sabazios
Greek,Salpinx
Greek,satyr
Greek,Saxanus
Greek,"Scyleia,Scylla"
Greek,sirens
Greek,Skeptouchos
Greek,Smintheus
Greek,Sophia
Greek,Sosipolis
Greek,Soter
Greek,Soteria
Greek,Sphinx
Greek,Staphylos
Greek,Sthenias
Greek,Sthenios
Greek,Strife
Greek,Summakhia
Greek,Sykites
Greek,Syzygia
Greek,Tallaios
Greek,Taureos
Greek,Taurokeros
Greek,Taurophagos
Greek,Tauropolos
Greek,Tauropon
Greek,Tecmessa
Greek,Teisipyte
Greek,Teleios
Greek,"Telepyleia,Teletarches"
Greek,Terpsichore
Greek,Thalestris
Greek,Thalia
Greek,The Dioskouroi
Greek,Theos
Greek,Theritas
Greek,Thermodosa
Greek,Thraso
Greek,Thyonidas
Greek,Thyrsophoros
Greek,Tmolene
Greek,Toxaris
Greek,Toxis
Greek,"Toxophile,Trevia"
Greek,Tricephalus
Greek,Trieterikos
Greek,Trigonos
Greek,Trismegestos
Greek,Tritogeneia
Greek,Tropaios
Greek,"Trophonius,Tumborukhos"
Greek,Tyche
Greek,Typhon
Greek,Urania
Greek,Valasca
Greek,Xanthippe
Greek,Xenios
Greek,Zagreus
Greek,Zathos
Greek,Zephryos
Greek,Zeus
Greek,Zeus Katakhthonios
Greek,Zoophoros
Hindu,Aditi
Hindu,Adityas
Hindu,Ambika
Hindu,Ananta (Shesha)
Hindu,Annapurna (Annapatni)
Hindu,Aruna
Hindu,Ashvins
Hindu,Balarama
Hindu,Bhairavi
Hindu,Brahma
Hindu,Buddha
Hindu,Dakini
Hindu,Devi
Hindu,Dharma
Hindu,Dhisana
Hindu,Durga
Hindu,Dyaus
Hindu,Ganesa (Ganesha)
Hindu,Ganga (Ganges)
Hindu,Garuda
Hindu,Gauri
Hindu,Gopis
Hindu,Hanuman
Hindu,Hari-Hara
Hindu,Hulka Devi
Hindu,Jagganath
Hindu,Jyeshtha
Hindu,Kama
Hindu,Karttikeya
Hindu,Krishna
Hindu,Krtya
Hindu,Kubera
Hindu,Kubjika
Hindu,Lakshmi or Laksmi
Hindu,Manasha
Hindu,Manu
Hindu,Maya
Hindu,Meru
Hindu,Nagas
Hindu,Nandi
Hindu,Naraka
Hindu,Nataraja
Hindu,Nirriti
Hindu,Parjanya
Hindu,Parvati
Hindu,Paurnamasi
Hindu,Prithivi
Hindu,Purusha
Hindu,Radha
Hindu,Rati
Hindu,Ratri
Hindu,Rudra
Hindu,Sanjna
Hindu,Sati
Hindu,Shashti
Hindu,Shatala
Hindu,Sitala (Satala)
Hindu,Skanda
Hindu,Sraddha
Hindu,Sunrta
Hindu,Surya
Hindu,Svasti-devi
Hindu,Tvashtar
Hindu,Uma
Hindu,Urjani
Hindu,Vach
Hindu,Varuna
Hindu,Vayu
Hindu,Vishnu (Avatars of Vishnu: Matsya; Kurma; Varaha; Narasinha; Vamana; Parasurama; Rama; Krishna; Buddha; Kalki)
Hindu,Vishvakarman
Hindu,Yama
Indian,Agni
Indian,Ammavaru
Indian,Asuras
Indian,Banka-Mundi
Indian,Brihaspati
Indian,Budhi Pallien
Indian,Candi
Indian,Challalamma
Indian,Chinnintamma
Indian,Devas
Indian,Diti
Indian,Dyaush
Indian,Gauri-Sankar
Indian,Grhadevi
Indian,Gujeswari
Indian,Indra
Indian,Kali
Indian,Lohasur Devi
Indian,Mayavel
Indian,Mitra
Indian,Prajapati
Indian,Puchan
Indian,Purandhi
Indian,Rakshas
Indian,Rudrani
Indian,Rumina
Indian,Samundra
Indian,Sarasvati
Indian,Savitar
Indian,Siva (Shiva)
Indian,Soma
Indian,Sura
Indian,Surabhi
Indian,Tulsi
Indian,Ushas
Indian,Vata
Indian,Visvamitra
Indian,Vivasvat
Indian,Vritra
Indian,Waghai Devi
Indian,Yaparamma
Indian,Yayu
Indian,Zumiang Nui
Japanese,Aji-Suki-Taka-Hi-Kone
Japanese,Ama no Uzume
Japanese,Ama-terasu
Japanese,Amatsu Mikaboshi
Japanese,Benten (Benzai-Ten)
Japanese,Bishamon
Japanese,Chimata-No-Kami
Japanese,Chup-Kamui
Japanese,Daikoku
Japanese,Ebisu
Japanese,Emma-O
Japanese,Fudo
Japanese,Fuji
Japanese,Fukurokuju
Japanese,Gekka-O
Japanese,Hachiman
Japanese,Hettsui-No-Kami
Japanese,Ho-Masubi
Japanese,Hotei
Japanese,Inari
Japanese,Izanagi and Izanami
Japanese,Jizo Bosatsu
Japanese,Jurojin
Japanese,Kagutsuchi
Japanese,Kamado-No-Kami
Japanese,Kami
Japanese,Kawa-No-Kami
Japanese,Kaya-Nu-Hima
Japanese,Kishijoten
Japanese,Kishi-Mojin
Japanese,Kunitokotatchi
Japanese,Marici
Japanese,Monju-Bosatsu
Japanese,Nai-No-Kami
Japanese,No-Il Ja-Dae
Japanese,O-Kuni-Nushi
Japanese,Omoigane
Japanese,Raiden
Japanese,Shine-Tsu-Hiko
Japanese,Shoten
Japanese,Susa-no-wo
Japanese,Tajika-no-mikoto
Japanese,Tsuki-yomi
Japanese,Uka no Mitanna
Japanese,Uke-mochi
Japanese,Uso-dori
Japanese,Uzume
Japanese,Wakahirume
Japanese,Yainato-Hnneno-Mikoi
Japanese,Yama-No-Kami
Japanese,Yama-no-Karni
Japanese,Yaya-Zakurai
Japanese,Yuki-Onne
Middle Eastern,A
Middle Eastern,Adad
Middle Eastern,Adapa
Middle Eastern,Adrammelech
Middle Eastern,Aeon
Middle Eastern,Agasaya
Middle Eastern,Aglibol
Middle Eastern,Ahriman
Middle Eastern,Ahura Mazda
Middle Eastern,Ahurani
Middle Eastern,Ai-ada
Middle Eastern,Aja
Middle Eastern,Aka
Middle Eastern,Alalu
Middle Eastern,Al-Lat
Middle Eastern,Al-Lat
Middle Eastern,Al-Uzza (El-'Ozza or Han-Uzzai)
Middle Eastern,Amm
Middle Eastern,An
Middle Eastern,Anahita
Middle Eastern,Anath (Anat)
Middle Eastern,Anatu
Middle Eastern,Anbay
Middle Eastern,and Brathy
Middle Eastern,Anshar
Middle Eastern,Antilebanon
Middle Eastern,Anu
Middle Eastern,Anunitu
Middle Eastern,An-Zu
Middle Eastern,Apsu
Middle Eastern,Aqhat
Middle Eastern,Ararat
Middle Eastern,Arinna
Middle Eastern,Asherali
Middle Eastern,Ashnan
Middle Eastern,Ashtoreth
Middle Eastern,Ashur
Middle Eastern,Astarte
Middle Eastern,Atar
Middle Eastern,Athirat
Middle Eastern,Athtart
Middle Eastern,Attis
Middle Eastern,Aya
Middle Eastern,Baal (Bel)
Middle Eastern,Baalat (Ba'Alat)
Middle Eastern,Baau
Middle Eastern,Basamum
Middle Eastern,Beelsamin
Middle Eastern,Belit-Seri
Middle Eastern,Beruth
Middle Eastern,Borak
Middle Eastern,Broxa
Middle Eastern,Caelestis
Middle Eastern,Cassios
Middle Eastern,Chaos
Middle Eastern,Chemosh
Middle Eastern,Cotys
Middle Eastern,Cybele
Middle Eastern,Daena
Middle Eastern,Daevas
Middle Eastern,Dagon
Middle Eastern,Damkina
Middle Eastern,Dazimus
Middle Eastern,Derketo
Middle Eastern,Dhat-Badan
Middle Eastern,Dilmun
Middle Eastern,Dumuzi (Du'uzu)
Middle Eastern,Duttur
Middle Eastern,Ea
Middle Eastern,El
Middle Eastern,Endukugga
Middle Eastern,Enki
Middle Eastern,Enlil
Middle Eastern,Ennugi
Middle Eastern,Ereshkigal (Allatu)
Middle Eastern,Eriskegal
Middle Eastern,Eshara
Middle Eastern,Eshmun
Middle Eastern,Firanak
Middle Eastern,Fravashi
Middle Eastern,Gatamdug
Middle Eastern,Genea
Middle Eastern,Genos
Middle Eastern,Gestinanna
Middle Eastern,Gula
Middle Eastern,Hadad
Middle Eastern,Hannahanna
Middle Eastern,Hatti
Middle Eastern,Hea
Middle Eastern,Hiribi
Middle Eastern,Humban
Middle Eastern,Innana
Middle Eastern,Ishkur
Middle Eastern,Ishtar
Middle Eastern,Ithm
Middle Eastern,Jamshid or Jamshyd
Middle Eastern,Jehovah
Middle Eastern,Jesus
Middle Eastern,Kabta
Middle Eastern,Kadi
Middle Eastern,Kamrusepas
Middle Eastern,Ki (Kiki)
Middle Eastern,Kingu
Middle Eastern,Kolpia
Middle Eastern,Kothar-u-Khasis
Middle Eastern,Lahar
Middle Eastern,Lebanon
Middle Eastern,Marduk
Middle Eastern,Mari
Middle Eastern,Meni
Middle Eastern,Merodach
Middle Eastern,Misor
Middle Eastern,Moloch
Middle Eastern,Mot
Middle Eastern,Mushdama
Middle Eastern,Mylitta
Middle Eastern,Naamah
Middle Eastern,Nabu (Nebo)
Middle Eastern,Nairyosangha
Middle Eastern,Nammu
Middle Eastern,Namtaru
Middle Eastern,Nanna
Middle Eastern,Nebo
Middle Eastern,Nergal
Middle Eastern,Nidaba
Middle Eastern,Ninhursag or Nintu
Middle Eastern,Ninlil
Middle Eastern,Ninsar
Middle Eastern,Nintur
Middle Eastern,Ninurta
Middle Eastern,Pa
Middle Eastern,Qadshu
Middle Eastern,Rapithwin
Middle Eastern,Resheph (Mikal or Mekal)
Middle Eastern,Rimmon
Middle Eastern,Sadarnuna
Middle Eastern,Shahar
Middle Eastern,Shalim
Middle Eastern,Shamish
Middle Eastern,Shapshu
Middle Eastern,Sheger
Middle Eastern,Sin
Middle Eastern,Siris (Sirah)
Middle Eastern,Taautos
Middle Eastern,Tammuz
Middle Eastern,Tanit
Middle Eastern,Taru
Middle Eastern,Tasimmet
Middle Eastern,Telipinu
Middle Eastern,The Houri
Middle Eastern,Tiamat
Middle Eastern,Tishtrya
Middle Eastern,Tsehub
Middle Eastern,Utnapishtim
Middle Eastern,Utu
Middle Eastern,Wurusemu
Middle Eastern,Yam
Middle Eastern,Yarih (Yarikh)
Middle Eastern,Yima
Middle Eastern,Zaba
Middle Eastern,Zababa
Middle Eastern,Zam
Middle Eastern,Zanahary (Zanaharibe)
Middle Eastern,Zarathustra
Middle Eastern,Zarpandit
Middle Eastern,Zatavu
Middle Eastern,Zazavavindrano
Middle Eastern,Ziusudra
Middle Eastern,Zu (Imdugud)
Middle Eastern,Zurvan
Native American,Aakuluujjusi
Native American,Ab Kin zoc
Native American,Abaangui
Native American,Ababinili
Native American,Ac Yanto
Native American,Acan
Native American,Acat
Native American,Achiyalatopa
Native American,Acna
Native American,Acolmiztli
Native American,Acolnahuacatl
Native American,Acuecucyoticihuati
Native American,Adamisil Wedo
Native American,Adaox
Native American,Adekagagwaa
Native American,Adlet
Native American,Adlivun
Native American,Agloolik
Native American,Aguara
Native American,Ah Bolom Tzacab
Native American,Ah Cancum
Native American,Ah Chun Caan
Native American,Ah Chuy Kak
Native American,Ah Ciliz
Native American,Ah Cun Can
Native American,Ah Cuxtal
Native American,Ah hulneb
Native American,Ah Kin
Native American,Ah Kumix Uinicob
Native American,Ah Mun
Native American,Ah Muzencab
Native American,Ah Patnar Uinicob
Native American,Ah Peku
Native American,Ah Puch
Native American,Ah Tabai
Native American,Ah UincirDz'acab
Native American,Ah Uuc Ticab
Native American,Ah Wink-ir Masa
Native American,Ahau Chamahez
Native American,Ahau-Kin
Native American,Ahmakiq
Native American,Ahnt Alis Pok'
Native American,Ahnt Kai'
Native American,Aholi
Native American,Ahsonnutli
Native American,Ahuic
Native American,Ahulane
Native American,Aiauh
Native American,Aipaloovik
Native American,Ajbit
Native American,Ajilee
Native American,Ajtzak
Native American,Akbaalia
Native American,Akba-atatdia
Native American,Akhlut
Native American,Akhushtal
Native American,Akna
Native American,Akycha
Native American,Alaghom Naom Tzentel
Native American,Albino Spirit animals
Native American,Alektca
Native American,Alignak
Native American,Allanque
Native American,Allowat Sakima
Native American,Alom
Native American,Alowatsakima
Native American,Amaguq
Native American,Amala
Native American,Amimitl
Native American,Amitolane
Native American,Amotken
Native American,Andaokut
Native American,Andiciopec
Native American,Anerneq
Native American,Anetlacualtiliztli
Native American,Angalkuq
Native American,Angpetu Wi
Native American,Anguta
Native American,Angwusnasomtaka
Native American,Ani Hyuntikwalaski
Native American,Animal spirits
Native American,Aningan
Native American,Aniwye
Native American,Anog Ite
Native American,Anpao
Native American,Apanuugak
Native American,Apicilnic
Native American,Apikunni
Native American,Apotamkin
Native American,Apoyan Tachi
Native American,Apozanolotl
Native American,Apu Punchau
Native American,Aqalax
Native American,Arendiwane
Native American,Arnakua'gsak
Native American,Asdiwal
Native American,Asgaya Gigagei
Native American,Asiaq
Native American,Asin
Native American,Asintmah
Native American,Atacokai
Native American,Atahensic
Native American,Aticpac Calqui Cihuatl
Native American,Atira
Native American,Atisokan
Native American,Atius Tirawa
Native American,Atl
Native American,Atlacamani
Native American,Atlacoya
Native American,Atlatonin
Native American,Atlaua
Native American,Atshen
Native American,Auilix
Native American,Aulanerk
Native American,Aumanil
Native American,Aunggaak
Native American,Aunt Nancy
Native American,Awaeh Yegendji
Native American,Awakkule
Native American,Awitelin Tsta
Native American,Awonawilona
Native American,Ayauhteotl
Native American,Azeban
Native American,Baaxpee
Native American,Bacabs
Native American,Backlum Chaam
Native American,Bagucks
Native American,Bakbakwalanooksiwae
Native American,Balam
Native American,Baldhead
Native American,Basamacha
Native American,Basket Woman
Native American,Bead Spitter
Native American,Bear
Native American,Bear Medicine Woman
Native American,Bear Woman
Native American,Beaver
Native American,Beaver Doctor
Native American,Big Heads
Native American,Big Man Eater
Native American,Big Tail
Native American,Big Twisted Flute
Native American,Bikeh hozho
Native American,Bitol
Native American,Black Hactcin
Native American,Black Tamanous
Native American,Blind Boy
Native American,Blind Man
Native American,Blood Clot Boy
Native American,Bloody Hand
Native American,Blue-Jay
Native American,Bmola
Native American,Bolontiku
Native American,Breathmaker
Native American,Buffalo
Native American,Buluc Chabtan
Native American,Burnt Belly
Native American,Burnt Face
Native American,Butterfly
Native American,Cabaguil
Native American,Cacoch
Native American,Cajolom
Native American,Cakulha
Native American,Camaxtli
Native American,Camozotz
Native American,Cannibal Grandmother
Native American,Cannibal Woman
Native American,Canotila
Native American,Capa
Native American,Caprakan
Native American,Ca-the-a
Native American,Cauac
Native American,Centeotl
Native American,Centzonuitznaua
Native American,Cetan
Native American,Chac
Native American,Chac Uayab Xoc
Native American,Chahnameed
Native American,Chakwaina Okya
Native American,Chalchihuitlicue
Native American,Chalchiuhtlatonal
Native American,Chalchiutotolin
Native American,Chalmecacihuilt
Native American,Chalmecatl
Native American,Chamer
Native American,Changing Bear Woman
Native American,Changing Woman
Native American,Chantico
Native American,Chaob
Native American,Charred Body
Native American,Chepi
Native American,Chibiabos
Native American,Chibirias
Native American,Chiccan
Native American,Chicomecoatl
Native American,Chicomexochtli
Native American,Chiconahui
Native American,Chiconahuiehecatl
Native American,Chie
Native American,Child-Born-in-Jug
Native American,Chirakan
Native American,Chulyen
Native American,Cihuacoatl
Native American,Cin-an-ev
Native American,Cinteotl
Native American,Cipactli
Native American,Cirap?
Native American,Cit Chac Coh
Native American,Cit-Bolon-Tum
Native American,Citlalatonac
Native American,Citlalicue
Native American,Ciucoatl
Native American,Ciuteoteo
Native American,Cizin
Native American,Cliff ogre
Native American,Coatlicue
Native American,Cochimetl
Native American,Cocijo
Native American,Colel Cab
Native American,Colop U Uichkin
Native American,Copil
Native American,Coyolxauhqui
Native American,Coyopa
Native American,Coyote
Native American,Cripple Boy
Native American,Crow
Native American,Crow Woman
Native American,Cum hau
Native American,Cunawabi
Native American,Dagwanoenyent
Native American,Dahdahwat
Native American,Daldal
Native American,Deohako
Native American,Dhol
Native American,Diyin dine
Native American,Djien
Native American,Djigonasee
Native American,Dohkwibuhch
Native American,Dzalarhons
Native American,Dzalarhons
Native American,Eagentci
Native American,Eagle
Native American,Earth Shaman
Native American,Eeyeekalduk
Native American,Ehecatl
Native American,Ehlaumel
Native American,Eithinoha
Native American,Ekchuah
Native American,Enumclaw
Native American,Eototo
Native American,Esaugetuh Emissee
Native American,Esceheman
Native American,Eschetewuarha
Native American,Estanatlehi
Native American,Estasanatlehi
Native American,Estsanatlehi
Native American,Evaki
Native American,Evening Star
Native American,Ewah
Native American,Ewauna
Native American,Face
Native American,Faces of the Forests
Native American,False Faces
Native American,Famine
Native American,Fastachee
Native American,Fire Dogs
Native American,First Creator
Native American,First Man and First Woman
Native American,First Scolder
Native American,Flint Man
Native American,Flood
Native American,Flower Woman
Native American,Foot Stuck Child
Native American,Ga'an
Native American,Ga-gaah
Native American,Gahe
Native American,Galokwudzuwis
Native American,Gaoh
Native American,Gawaunduk
Native American,Geezhigo-Quae
Native American,Gendenwitha
Native American,Genetaska
Native American,Ghanan
Native American,Gitche Manitou
Native American,Glispa
Native American,Glooskap
Native American,Gluscabi
Native American,Gluskab
Native American,Gluskap
Native American,Godasiyo
Native American,Gohone
Native American,Great Seahouse
Native American,Greenmantle
Native American,Gucumatz
Native American,Gukumatz
Native American,Gunnodoyak
Native American,Gyhldeptis
Native American,Ha Wen Neyu
Native American,Hacauitz
Native American,Hacha'kyum
Native American,Hagondes
Native American,Hahgwehdiyu
Native American,Hamatsa
Native American,Hamedicu
Native American,Hanghepi Wi
Native American,Hantceiitehi
Native American,Haokah
Native American,Hastseoltoi
Native American,Hastshehogan
Native American,He'mask.as
Native American,Hen
Native American,Heyoka
Native American,Hiawatha
Native American,Hino
Native American,Hisakitaimisi
Native American,Hokhokw
Native American,Hotoru
Native American,Huehuecoyotl
Native American,Huehueteotl
Native American,Huitaca
Native American,Huitzilopochtli
Native American,Huixtocihuatl
Native American,Hummingbird
Native American,Hun hunahpu
Native American,Hun Pic Tok
Native American,Hunab Ku
Native American,Hunahpu
Native American,Hunahpu Utiu
Native American,Hunahpu-Gutch
Native American,Hunhau
Native American,Hurakan
Native American,Iatiku And Nautsiti
Native American,Ich-kanava
Native American,Ictinike
Native American,Idliragijenget
Native American,Idlirvirisong
Native American,Igaluk
Native American,Ignirtoq
Native American,Ikanam
Native American,Iktomi
Native American,Ilamatecuhtli
Native American,Illapa
Native American,Ilyap'a
Native American,i'noGo tied
Native American,Inti
Native American,Inua
Native American,Ioskeha
Native American,Ipalnemohuani
Native American,Isakakate
Native American,Ishigaq
Native American,Isitoq
Native American,Issitoq
Native American,Ite
Native American,Itzamn
Native American,Itzananohk`u
Native American,Itzlacoliuhque
Native American,Itzli
Native American,Itzpapalotl
Native American,Ix Chebel Yax
Native American,Ixbalanque
Native American,Ixchel
Native American,Ixchup
Native American,Ixmucane
Native American,Ixpiyacoc
Native American,Ixtab
Native American,Ixtlilton
Native American,Ixtubtin
Native American,Ixzaluoh
Native American,Iya
Native American,Iyatiku
Native American,Iztaccihuatl
Native American,Iztacmixcohuatl
Native American,Jaguar Night
Native American,Jaguar Quitze
Native American,Jogah
Native American,Kaakwha
Native American,Kabun
Native American,Kabun
Native American,Kachinas
Native American,Kadlu
Native American,Ka-Ha-Si
Native American,Ka-Ha-Si
Native American,Kaik
Native American,Kaiti
Native American,Kan
Native American,Kanati
Native American,Kana'ti and Selu
Native American,Kan-u-Uayeyab
Native American,Kan-xib-yui
Native American,Kapoonis
Native American,Katsinas
Native American,Keelut
Native American,Ketchimanetowa
Native American,Ketq Skwaye
Native American,Kianto
Native American,Kigatilik
Native American,Kilya
Native American,K'in
Native American,Kinich Ahau
Native American,Kinich Kakmo
Native American,Kishelemukong
Native American,Kisin
Native American,Kitcki Manitou
Native American,Kmukamch
Native American,Kokopelli
Native American,Ko'lok
Native American,Kukulcan
Native American,Kushapatshikan
Native American,Kutni
Native American,Kutya'I
Native American,Kwakwakalanooksiwae
Native American,Kwatee
Native American,Kwekwaxa'we
Native American,Kwikumat
Native American,Kyoi
Native American,Lagua
Native American,Land Otter People
Native American,Lawalawa
Native American,Logobola
Native American,Loha
Native American,Lone Man
Native American,Long Nose
Native American,Loon
Native American,Loon Medicine
Native American,Loon Woman
Native American,Loo-wit
Native American,Macaw Woman
Native American,Macuilxochitl
Native American,Maho Peneta
Native American,Mahucutah
Native American,Makenaima
Native American,Malesk
Native American,Malina
Native American,Malinalxochi
Native American,Malsum
Native American,Malsumis
Native American,Mam
Native American,Mama Cocha
Native American,Man in moon
Native American,Manabozho
Native American,Manetuwak
Native American,Mani'to
Native American,Manitou
Native American,Mannegishi
Native American,Manu
Native American,Masaya
Native American,Masewi
Native American,Master of Life
Native American,Master Of Winds
Native American,Matshishkapeu
Native American,Mavutsinim
Native American,Mayahuel
Native American,Medeoulin
Native American,Mekala
Native American,Menahka
Native American,Meteinuwak
Native American,Metztli
Native American,Mexitl
Native American,Michabo
Native American,Mictecacihuatl
Native American,Mictlan
Native American,Mictlantecuhtli
Native American,Mikchich
Native American,Mikumwesu
Native American,Mitnal
Native American,Mixcoatl
Native American,Mongwi Kachinum
Native American,Morning Star
Native American,Motho and Mungo
Native American,Mulac
Native American,Muut
Native American,Muyingwa
Native American,Nacon
Native American,Nagenatzani
Native American,Nagi Tanka
Native American,Nagual
Native American,Nahual
Native American,Nakaw
Native American,Nanabojo
Native American,Nanabozho
Native American,Nanabush
Native American,Nanahuatzin
Native American,Nanautzin
Native American,Nanih Waiya
Native American,Nankil'slas
Native American,Nanook
Native American,Naum
Native American,Negafook
Native American,Nerrivik
Native American,Nesaru
Native American,Nianque
Native American,Nishanu
Native American,Nohochacyum
Native American,Nokomis
Native American,Nootaikok
Native American,North Star
Native American,Nujalik
Native American,Nukatem
Native American,Nunne Chaha
Native American,Ocasta
Native American,Ockabewis
Native American,Odzihozo
Native American,Ohtas
Native American,Oklatabashih
Native American,Old Man
Native American,Olelbis
Native American,Omacatl
Native American,Omecihuatl
Native American,Ometecuhtli
Native American,Onatha
Native American,One Tail of Clear Hair
Native American,Oonawieh Unggi
Native American,Opochtli
Native American,Oshadagea
Native American,Owl Woman
Native American,Pah
Native American,Pah
Native American,Paiowa
Native American,Pakrokitat
Native American,Pana
Native American,Patecatl
Native American,Pautiwa
Native American,Paynal
Native American,Pemtemweha
Native American,Piasa
Native American,Pikvhahirak
Native American,Pinga
Native American,Pomola
Native American,Pot-tilter
Native American,Prairie Falcon
Native American,Ptehehincalasanwin
Native American,Pukkeenegak
Native American,Qaholom
Native American,Qakma
Native American,Qiqirn
Native American,Quaoar
Native American,Quetzalcoatl
Native American,Qumu
Native American,Quootis-hooi
Native American,Rabbit
Native American,Ragno
Native American,Raven
Native American,Raw Gums
Native American,Rukko
Native American,Sagamores
Native American,Sagapgia
Native American,Sanopi
Native American,Saynday
Native American,Sedna
Native American,Selu
Native American,Shakuru
Native American,Sharkura
Native American,Shilup Chito Osh
Native American,Shrimp house
Native American,Sila
Native American,Sint Holo
Native American,Sio humis
Native American,Sisiutl
Native American,Skan
Native American,Snallygaster
Native American,Sosondowah
Native American,South Star
Native American,Spider Woman
Native American,Sta-au
Native American,Stonecoats
Native American,Sun
Native American,Sungrey
Native American,Ta Tanka
Native American,Tabaldak
Native American,Taime
Native American,Taiowa
Native American,Talocan
Native American,Tans
Native American,Taqwus
Native American,Tarhuhyiawahku
Native American,Tarquiup Inua
Native American,Tate
Native American,Tawa
Native American,Tawiscara
Native American,Ta'xet
Native American,Tcisaki
Native American,Tecciztecatl
Native American,Tekkeitserktock
Native American,Tekkeitsertok
Native American,Telmekic
Native American,Teoyaomqui
Native American,Tepeu
Native American,Tepeyollotl
Native American,Teteoinnan
Native American,Tezcatlipoca
Native American,Thobadestchin
Native American,Thoume'
Native American,Thunder
Native American,Thunder Bird
Native American,Tieholtsodi
Native American,Tihtipihin
Native American,Tirawa
Native American,Tirawa Atius
Native American,Tlacolotl
Native American,Tlahuixcalpantecuhtli
Native American,Tlaloc
Native American,Tlaltecuhtli
Native American,Tlauixcalpantecuhtli
Native American,Tlazolteotl
Native American,Tohil
Native American,Tokpela
Native American,Tonantzin
Native American,Tonatiuh
Native American,To'nenile
Native American,Tonenili
Native American,Tootega
Native American,Torngasak
Native American,Torngasoak
Native American,Trickster/Transformer
Native American,True jaguar
Native American,Tsentsa
Native American,Tsichtinako
Native American,Tsohanoai Tsonoqwa
Native American,Tsul 'Kalu
Native American,Tulugaak
Native American,Tumas
Native American,Tunkan ingan
Native American,Turquoise Boy
Native American,Twin Thunder Boys
Native American,Txamsem
Native American,Tzakol
Native American,Tzitzimime
Native American,Uazzale
Native American,Uchtsiti
Native American,Ud
Native American,Uentshukumishiteu
Native American,Ueuecoyotl
Native American,Ugly Way
Native American,Ugni
Native American,Uhepono
Native American,Uitzilopochtli
Native American,Ukat
Native American,Underwater Panthers
Native American,Unhcegila
Native American,Unipkaat
Native American,Unk
Native American,Unktomi
Native American,Untunktahe
Native American,Urcaguary
Native American,Utea
Native American,Uwashil
Native American,Vassagijik
Native American,Voltan
Native American,Wabosso
Native American,Wabun
Native American,Wachabe
Native American,Wah-Kah-Nee
Native American,Wakan
Native American,Wakanda
Native American,Wakan-Tanka
Native American,Wakinyan
Native American,Wan niomi
Native American,Wanagi
Native American,Wananikwe
Native American,Watavinewa
Native American,Water babies
Native American,Waukheon
Native American,We-gyet
Native American,Wemicus
Native American,Wendigo
Native American,Wentshukumishiteu
Native American,White Buffalo Woman
Native American,Whope
Native American,Wi
Native American,Wicahmunga
Native American,Wihmunga
Native American,Windigo
Native American,Winonah
Native American,Wisagatcak
Native American,Wisagatcak
Native American,Wishpoosh
Native American,Wiyot
Native American,Wovoka
Native American,Wuya
Native American,Xaman Ek
Native American,Xelas
Native American,Xibalba
Native American,Xilonen
Native American,Xipe Totec
Native American,Xiuhcoatl
Native American,Xiuhtecuhtli
Native American,Xiuhtecutli
Native American,Xmucane
Native American,Xochipili
Native American,Xochiquetzal
Native American,Xocotl
Native American,Xolotl
Native American,Xpiyacoc
Native American,Xpuch And Xtah
Native American,Yacatecuhtli
Native American,Yaluk
Native American,Yanauluha
Native American,Ya-o-gah
Native American,Yeba Ka
Native American,Yebaad
Native American,Yehl
Native American,Yeitso
Native American,Yiacatecuhtli
Native American,Yolkai Estsan
Native American,Yoskeha
Native American,Yum Kaax
Native American,Yuwipi
Native American,Zaramama
Native American,Zipaltonal
Native American,Zotz
Norse,Aegir
Norse,Aesir
Norse,Alfrigg
Norse,Audumbla
Norse,Aurgelmir
Norse,Balder
Norse,Berchta
Norse,Bergelmir
Norse,Bor
Norse,Bragi
Norse,Brisings
Norse,Buri
Norse,Etin
Norse,Fenris
Norse,Forseti
Norse,Frey
Norse,Freyja
Norse,Frigga
Norse,Gefion
Norse,Gerda
Norse,Gode
Norse,Gymir
Norse,Harke
Norse,Heimdall
Norse,Hel
Norse,Hermod
Norse,Hodur
Norse,Holda
Norse,Holle
Norse,Honir
Norse,Hymir
Norse,Idun
Norse,Jormungandr
Norse,Ljolsalfs
Norse,Loki
Norse,Magni
Norse,Mimir
Norse,Mistarblindi
Norse,Muspel
Norse,Nanna
Norse,Nanni
Norse,Nerthus
Norse,Njord
Norse,Norns
Norse,Odin
Norse,Perchta
Norse,Ran
Norse,Rig
Norse,Segyn
Norse,Sif
Norse,Skadi
Norse,Skirnir
Norse,Skuld
Norse,Sleipnir
Norse,Surt
Norse,Svadilfari
Norse,tanngniotr
Norse,tanngrisnr
Norse,Thiassi
Norse,Thor
Norse,Thrud
Norse,Thrudgelmir
Norse,Thrym
Norse,Thurs
Norse,Tyr
Norse,Uller
Norse,Urd
Norse,Vali
Norse,Vali
Norse,Valkyrie
Norse,Vanir
Norse,Ve
Norse,Verdandi
Norse,Vidar
Norse,Wode
Norse,Ymir
Other Asian,Antaboga
Other Asian,Aryong Jong
Other Asian,Au-Co
Other Asian,Brag-srin-mo
Other Asian,Chandra
Other Asian,Dewi Nawang Sasih
Other Asian,Dewi Shri
Other Asian,Dyaus
Other Asian,Giri Devi
Other Asian,Kamado-No-Kami
Other Asian,Kunitokotatchi
Other Asian,Mulhalmoni
Other Asian,Po Yan Dari
Other Asian,Quan Yin
Other Asian,Ratri
Other Asian,Rodasi
Other Asian,Samanta-Bhadra
Other Asian,Sangs-rgyas-mkh
Other Asian,Sengdroma
Other Asian,Sgeg-mo-ma
Other Asian,Shuzanghu
Other Asian,Tankun
Other Asian,Tengri
Other Asian,Tho-og
Other Asian,Ui Tango
Other Asian,Uminai-gami
Other Asian,Vayu
Other Asian,Yakushi Nyorai
Other Asian,Yondung Halmoni
Other Asian,Yum-chen-mo
Other Asian,Zas-ster-ma-dmar-mo
Pacific Islands,Abeguwo
Pacific Islands,Abere
Pacific Islands,Adaro
Pacific Islands,Afekan
Pacific Islands,Ai Tupua'i
Pacific Islands,'Aiaru
Pacific Islands,Ala Muki
Pacific Islands,Alalahe
Pacific Islands,Alii Menehune
Pacific Islands,Aluluei
Pacific Islands,Aruaka
Pacific Islands,Asin
Pacific Islands,Atanea
Pacific Islands,Audjal
Pacific Islands,Aumakua
Pacific Islands,Babamik
Pacific Islands,Bakoa
Pacific Islands,Barong
Pacific Islands,Batara Kala
Pacific Islands,Buring Une
Pacific Islands,Darago
Pacific Islands,Dayang-Raca
Pacific Islands,De Ai
Pacific Islands,Dogai
Pacific Islands,Enda Semangko
Pacific Islands,Faumea
Pacific Islands,Giriputri
Pacific Islands,Goga
Pacific Islands,Haumea
Pacific Islands,Hiiaka'
Pacific Islands,Hina
Pacific Islands,Hine
Pacific Islands,Hoa-Tapu
Pacific Islands,'Imoa
Pacific Islands,Io
Pacific Islands,Kanaloa
Pacific Islands,Kanaloa
Pacific Islands,Kane
Pacific Islands,Kapo
Pacific Islands,Kava
Pacific Islands,Konori
Pacific Islands,Ku
Pacific Islands,Kuhuluhulumanu
Pacific Islands,Kuklikimoku
Pacific Islands,Kukoae
Pacific Islands,Ku'ula
Pacific Islands,Laka
Pacific Islands,Laulaati
Pacific Islands,Lono
Pacific Islands,Mahiuki
Pacific Islands,MakeMake
Pacific Islands,Marruni
Pacific Islands,Maru
Pacific Islands,Maui
Pacific Islands,Melu
Pacific Islands,Menehune
Pacific Islands,Moeuhane
Pacific Islands,MOO-LAU
Pacific Islands,Ndauthina
Pacific Islands,Ne Te-reere
Pacific Islands,Nevinbimbaau
Pacific Islands,Ngendei
Pacific Islands,Nobu
Pacific Islands,Oro
Pacific Islands,Ove
Pacific Islands,Paka'a
Pacific Islands,Papa
Pacific Islands,Pele
Pacific Islands,Quat
Pacific Islands,Rangi
Pacific Islands,Rati
Pacific Islands,Rati-mbati-ndua
Pacific Islands,Ratu-Mai-Mbula
Pacific Islands,Rua
Pacific Islands,Ruahatu
Pacific Islands,Saning Sri
Pacific Islands,Taaroa
Pacific Islands,Ta'aroa
Pacific Islands,Tamakaia
Pacific Islands,Tane
Pacific Islands,Tanemahuta
Pacific Islands,Tangaroa
Pacific Islands,Tawhaki
Pacific Islands,Tiki
Pacific Islands,Tinirau
Pacific Islands,Tu
Pacific Islands,Tuli
Pacific Islands,Turi-a-faumea
Pacific Islands,Uira
Pacific Islands,Ukupanipo
Pacific Islands,Ulupoka
Pacific Islands,Umboko Indra
Pacific Islands,Vanuatu
Pacific Islands,Wahini-Hal
Pacific Islands,Walutahanga
Pacific Islands,Wari-Ma-Te-Takere
Pacific Islands,Whaitiri
Pacific Islands,Whatu
Pacific Islands,Wigan
South American,Abaangui
South American,Aclla
South American,Akewa
South American,Asima Si
South American,Atoja
South American,Auchimalgen
South American,Axomama
South American,Bachu
South American,Beru
South American,Bochica
South American,Boiuna
South American,Calounger
South American,Catequil
South American,Cavillaca
South American,Ceiuci
South American,Chasca
South American,Chie
South American,Cocomama
South American,Gaumansuri
South American,Huitaca
South American,Iae
South American,Ilyap'a
South American,Ina
South American,Inti
South American,Ituana
South American,Jamaina
South American,Jandira
South American,Jarina
South American,Jubbu-jang-sangne
South American,Ka-ata-killa
South American,Kilya
South American,Kuat
South American,Kun
South American,Luandinha
South American,Lupi
South American,Mama Allpa
South American,Mama Quilla
South American,Mamacocha
South American,Manco Capac
South American,Maret-Jikky
South American,Maretkhmakniam
South American,Mariana
South American,Oshossi
South American,Pachamac
South American,Pachamama
South American,Perimb
South American,Rainha Barba
South American,Si
South American,Supai
South American,Toptine
South American,Viracocha
South American,Yemanja (Imanje)
South American,Zume Topana
Roman,Janus
Roman,Jupiter
Roman,Saturn
Roman,Genius
Roman,Mercury
Roman,Apollo
Roman,Mars
Roman,Vulcan
Roman,Neptune
Roman,Sol
Roman,Orcus
Roman,Liber
Roman,Tellus
Roman,Ceres
Roman,Juno
Roman,Luna
Roman,Diana
Roman,Minerva
Roman,Venus
Roman,Vesta
Roman,Feronia
Roman,Minerva
Roman,Novensides
Roman,Pales
Roman,Salus
Roman,Fortuna
Roman,Fons
Roman,Fides[9]
Roman,Ops
Roman,Flora
Roman,Vediovis
Roman,Saturn
Roman,Sol
Roman,Luna
Roman,Vulcan
Roman,Summanus
Roman,Larunda
Roman,Terminus
Roman,Quirinus
Roman,Vortumnus
Roman,Lares
Roman,Diana
Roman,Lucina
Roman,Hercules
